,count,mean,std,min,25%,50%,75%,max
 Amount Outstanding (Rs.),50000.0,3298604.67964,6661943.35630894,50000.0,548268.25,1389712.0,3425439.5,361177783.0
