collateral,loan_count,total_outstanding_lkr,total_outstanding_mn_lkr,portfolio_share_pct,npl_ratio_count_pct,npl_ratio_amount_pct,average_rating_rank
Secured,22657.0,74530394848.0,74530.394848,45.189043299443824,20.218916891027057,18.81553146551767,4.375292404113519
Unsecured,17398.0,57163154101.0,57163.154101,34.65899048396343,21.082883090010345,18.68377228472976,4.405391424301643
Partially Secured,9945.0,33236685033.0,33236.685033,20.15196621659274,20.784313725490197,18.653105310726612,4.388939165409754
