loan_type,loan_count,total_outstanding_lkr,total_outstanding_mn_lkr,portfolio_share_pct,npl_ratio_count_pct,npl_ratio_amount_pct,average_rating_rank,average_collateral_risk_score
Term Loan,34891.0,116159958990.0,116159.95899,70.42975456075406,20.50958699951277,18.75015568047421,4.3792095382763465,0.4522656272391161
Mortgage Loan,12262.0,40174676466.0,40174.676466000004,24.358588171520175,21.37497961180884,19.280080310180537,4.410944381014517,0.44743924319034417
Leasing,2528.0,8252436079.0,8252.436079,5.003592052079819,21.321202531645568,16.689790127606756,4.418117088607595,0.43670886075949367
Pawning,319.0,343162447.0,343.16244700000004,0.20806521564593894,0.0,0.0,4.304075235109718,0.0
