initial_rating,loan_count,total_outstanding_lkr,total_outstanding_mn_lkr,portfolio_share_pct,npl_ratio_count_pct,npl_ratio_amount_pct,rating_rank
AAA,1529.0,5484929904.0,5484.9299040000005,3.3256060890561816,0.0,0.0,1.0
AA,3944.0,12730710065.0,12730.710065,7.718845573449797,0.0,0.0,2.0
A,7571.0,25358306343.0,25358.306343,15.375171507831324,0.07924976885484084,0.01563934099681998,3.0
BBB,14001.0,44981490729.0,44981.490729,27.273041238702874,0.0,0.0,4.0
BB,10918.0,37118052342.0,37118.052341999995,22.505305089211816,44.38541857483055,40.51373483566171,5.0
B,7559.0,24880420340.0,24880.42034,15.085421113702765,45.098558010318825,40.42627433359512,6.0
CCC,4478.0,14376324259.0,14376.324259,8.716609388045244,45.8910227780259,40.365638931433345,7.0
